{"firstLayout":"","gdVersion":{"build":210,"major":5,"minor":4,"revision":0},"properties":{"adaptGameResolutionAtRuntime":true,"antialiasingMode":"MSAA","antialisingEnabledOnMobile":false,"folderProject":false,"orientation":"landscape","packageName":"com.example.gamename","pixelsRounding":true,"projectUuid":"a166a547-ca30-42f5-aa80-c5c7f7a095f3","scaleMode":"nearest","sizeOnStartupMode":"adaptWidth","templateSlug":"","useExternalSourceFiles":false,"version":"1.0.0","name":"Dsi 4/10","description":"","author":"","windowWidth":1280,"windowHeight":720,"latestCompilationDirectory":"","maxFPS":60,"minFPS":20,"verticalSync":false,"platformSpecificAssets":{},"loadingScreen":{"backgroundColor":0,"backgroundFadeInDuration":0.2,"backgroundImageResourceName":"","gdevelopLogoStyle":"light","logoAndProgressFadeInDuration":0.2,"logoAndProgressLogoFadeInDelay":0.2,"minDuration":1.5,"progressBarColor":16777215,"progressBarHeight":20,"progressBarMaxWidth":200,"progressBarMinWidth":40,"progressBarWidthPercent":30,"showGDevelopSplash":true,"showProgressBar":true},"watermark":{"placement":"bottom-left","showWatermark":true},"authorIds":[],"authorUsernames":[],"categories":[],"playableDevices":[],"extensionProperties":[],"platforms":[{"name":"GDevelop JS platform"}],"currentPlatform":"GDevelop JS platform"},"resources":{"resources":[],"resourceFolders":[]},"objects":[],"objectsFolderStructure":{"folderName":"__ROOT"},"objectsGroups":[],"variables":[],"layouts":[{"b":209,"disableInputWhenNotFocused":true,"mangledName":"Untitled_32scene","name":"Untitled scene","r":209,"standardSortMethod":true,"stopSoundsOnStartup":true,"title":"","v":209,"uiSettings":{"grid":false,"gridType":"rectangular","gridWidth":32,"gridHeight":32,"gridOffsetX":0,"gridOffsetY":0,"gridColor":10401023,"gridAlpha":0.8,"snap":false,"zoomFactor":0.546875,"windowMask":false},"objectsGroups":[],"variables":[],"instances":[],"objects":[{"adaptCollisionMaskAutomatically":true,"assetStoreId":"","name":"jugador","type":"Sprite","updateIfNotVisible":false,"variables":[],"effects":[],"behaviors":[{"acceleration":1500,"canGoDownFromJumpthru":true,"canGrabPlatforms":false,"canGrabWithoutMoving":true,"deceleration":1500,"gravity":1000,"ignoreDefaultControls":false,"jumpSpeed":600,"jumpSustainTime":0.2,"ladderClimbingSpeed":150,"maxFallingSpeed":700,"maxSpeed":250,"name":"PlatformerObject","slopeMaxAngle":60,"type":"PlatformBehavior::PlatformerObjectBehavior","useLegacyTrajectory":false,"xGrabTolerance":10,"yGrabOffset":0}],"animations":[]},{"assetStoreId":"","height":32,"name":"suelo","texture":"","type":"TiledSpriteObject::TiledSprite","width":32,"variables":[],"effects":[],"behaviors":[{"canBeGrabbed":true,"name":"Platform","platformType":"NormalPlatform","type":"PlatformBehavior::PlatformBehavior","yGrabOffset":0}]}],"objectsFolderStructure":{"folderName":"__ROOT","children":[{"objectName":"jugador"},{"objectName":"suelo"}]},"events":[{"type":"BuiltinCommonInstructions::Standard","conditions":[{"type":{"value":"DepartScene"},"parameters":[""]}],"actions":[{"type":{"value":"PlayerAuthentication::DisplayAuthenticationBanner"},"parameters":[""]}]}],"layers":[{"ambientLightColorB":200,"ambientLightColorG":200,"ambientLightColorR":200,"camera3DFarPlaneDistance":10000,"camera3DFieldOfView":45,"camera3DNearPlaneDistance":3,"cameraType":"","followBaseLayerCamera":false,"isLightingLayer":false,"isLocked":false,"name":"","renderingType":"","visibility":true,"cameras":[{"defaultSize":true,"defaultViewport":true,"height":0,"viewportBottom":1,"viewportLeft":0,"viewportRight":1,"viewportTop":0,"width":0}],"effects":[{"effectType":"Scene3D::HemisphereLight","name":"3D Light","doubleParameters":{"elevation":45,"intensity":1,"rotation":0},"stringParameters":{"groundColor":"64;64;64","skyColor":"255;255;255","top":"Y-"},"booleanParameters":{}}]}],"behaviorsSharedData":[{"name":"Animation","type":"AnimatableCapability::AnimatableBehavior"},{"name":"Effect","type":"EffectCapability::EffectBehavior"},{"name":"Flippable","type":"FlippableCapability::FlippableBehavior"},{"name":"Opacity","type":"OpacityCapability::OpacityBehavior"},{"name":"Platform","type":"PlatformBehavior::PlatformBehavior"},{"name":"PlatformerObject","type":"PlatformBehavior::PlatformerObjectBehavior"},{"name":"Resizable","type":"ResizableCapability::ResizableBehavior"},{"name":"Scale","type":"ScalableCapability::ScalableBehavior"}]}],"externalEvents":[],"eventsFunctionsExtensions":[],"externalLayouts":[],"externalSourceFiles":[]}